{
  "version": 1,
  "author": "Esa Ramadhan",
  "editor": "wokwi",
  "parts": [
    {
      "type": "wokwi-arduino-uno",
      "id": "uno",
      "top": 50.9,
      "left": -118.46,
      "rotate": 90,
      "attrs": {}
    },
    {
      "type": "wokwi-led",
      "id": "led1",
      "top": -100.48,
      "left": 393.72,
      "attrs": { "color": "red" }
    },
    {
      "type": "wokwi-led",
      "id": "led2",
      "top": -101.19,
      "left": 496.83,
      "attrs": { "color": "green" }
    },
    {
      "type": "wokwi-led",
      "id": "led3",
      "top": -101.64,
      "left": 444.52,
      "attrs": { "color": "yellow" }
    },
    {
      "type": "wokwi-buzzer",
      "id": "bz1",
      "top": 128.3,
      "left": 317.01,
      "attrs": { "volume": "0.1" }
    },
    { "type": "wokwi-hc-sr04", "id": "ultrasonic1", "top": 36.59, "left": 560.86, "attrs": {} },
    {
      "type": "wokwi-lcd1602",
      "id": "lcd1",
      "top": 325.12,
      "left": 376.85,
      "attrs": { "pins": "i2c" }
    },
    {
      "type": "wokwi-resistor",
      "id": "r1",
      "top": -20.91,
      "left": 401.89,
      "rotate": 90,
      "attrs": { "value": "220" }
    },
    {
      "type": "wokwi-resistor",
      "id": "r2",
      "top": -21.82,
      "left": 448.64,
      "rotate": 90,
      "attrs": { "value": "220" }
    }
  ],
  "connections": [
    [ "uno:GND.1", "led1:C", "black", [ "h117.92", "v-113.67", "h177.76" ] ],
    [ "r1:1", "led1:A", "red", [ "h-6.6", "v-15.76", "h-5.92" ] ],
    [ "uno:GND.1", "led3:C", "black", [ "v0.34", "h100.18", "v-136.63", "h246.3" ] ],
    [ "uno:13", "r1:2", "red", [ "h143.81", "v-66.17", "h174.39" ] ],
    [ "r2:1", "led3:A", "gold", [ "h0" ] ],
    [ "uno:12", "r2:2", "gold", [ "v0.16", "h155.89", "v-61.89", "h209.06" ] ],
    [ "uno:GND.1", "led2:C", "black", [ "h130.58", "v-95.94", "h268.21" ] ],
    [ "uno:11", "led2:A", "green", [ "h171.12", "v-50.96", "h237.67" ] ],
    [ "uno:GND.1", "bz1:1", "black", [ "h36.84", "v78.88", "h194.13" ] ],
    [ "uno:4", "bz1:2", "red", [ "h0" ] ],
    [ "uno:GND.1", "lcd1:GND", "black", [ "h22.91", "v224.56", "h244.9" ] ],
    [ "uno:3", "ultrasonic1:TRIG", "green", [ "h0" ] ],
    [ "uno:2", "ultrasonic1:ECHO", "green", [ "h0" ] ],
    [ "uno:GND.1", "ultrasonic1:GND", "black", [ "h14.04", "v142.22", "h535.08" ] ],
    [
      "uno:5V",
      "ultrasonic1:VCC",
      "red",
      [ "h-55.52", "v220.49", "h361.59", "v-110.12", "h395.55" ]
    ],
    [ "uno:5V", "lcd1:VCC", "red", [ "h-71.44", "v189.22" ] ],
    [ "lcd1:SDA", "uno:A4", "green", [ "h-475.19", "v-112.72" ] ],
    [ "lcd1:SCL", "uno:A5", "green", [ "h-485", "v-112.72" ] ]
  ],
  "dependencies": {}
}